group,x1,x2,outcome
A,10.8,3.243,0
B,8.189,5.328,0
B,9.244,6.727,1
A,12.598,3.466,1
A,9.287,5.864,0
B,11.475,4.671,1
A,8.133,4.939,0
B,9.589,3.947,1
A,8.1,4.666,1
A,9.322,6.3,0
B,11.681,5.583,1
B,6.545,6.732,0
B,10.869,6.177,0
B,10.475,5.439,1
B,8.812,6.744,0
B,7.108,5.439,0
B,10.144,5.828,1
A,8.941,4.703,1
B,10.465,5.067,1
A,10.044,4.303,0
B,13.204,5.99,1
A,9.521,3.822,1
A,7.953,5.782,0
B,10.359,4.809,1
B,10.44,6.171,1
B,12.718,5.751,1
A,11.67,6.821,1
B,10.714,5.731,1
B,12.927,3.428,1
A,7.622,4.933,0
A,8.72,3.828,1
A,8.147,4.482,1
A,9.22,6.511,0
B,7.247,5.638,0
B,11.27,4.301,1
A,9.556,3.986,1
B,7.058,5.033,0
B,7.969,3.783,1
A,10.627,4.329,1
B,11.676,5.312,1
A,13.993,6.155,0
B,15.828,5.609,1
B,10.829,2.709,1
A,8.021,5.304,0
A,5.736,5.072,0
B,10.535,5.414,1
A,8.374,6.616,0
B,9.169,2.937,1
B,8.776,4.409,1
B,9.718,5.591,0
B,12.132,3.418,1
A,10.314,6.476,0
A,9.683,5.368,0
A,7.929,5.847,0
A,6.651,4.429,0
A,9.027,5.814,1
B,9.892,6.068,0
A,13.536,5.233,1
B,10.261,5.234,0
B,11.965,5.27,1
B,9.001,4.137,0
B,7.63,4.852,0
A,8.07,4.847,0
B,8.55,5.383,1
A,14.257,6.0,1
A,8.357,3.941,0
B,11.677,4.875,1
A,8.194,6.481,0
A,11.863,4.256,1
A,10.77,4.178,1
B,9.687,5.202,1
A,9.918,5.844,0
A,8.69,5.011,0
A,10.892,6.329,0
B,9.09,5.857,1
A,7.549,5.842,0
A,7.444,5.554,0
A,10.345,7.328,0
B,13.158,4.795,1
B,10.32,2.996,1
B,9.763,6.604,0
A,10.572,4.542,1
A,12.612,5.108,0
B,10.439,6.31,0
B,9.178,3.398,1
B,12.213,3.748,1
A,10.858,3.399,1
A,13.072,4.206,1
B,10.366,5.44,0
B,7.551,5.524,0
A,7.264,5.276,0
B,13.302,3.587,1
B,13.447,2.69,1
A,9.641,5.054,1
B,9.234,4.528,1
A,12.923,5.459,0
A,7.786,5.702,0
B,8.211,5.138,0
B,11.287,5.76,1
A,9.211,5.229,1
B,9.99,5.53,1
A,9.673,4.295,0
B,10.675,4.82,1
A,12.815,5.197,1
B,10.181,5.821,1
B,11.288,4.606,1
B,5.9,5.521,0
B,9.903,4.734,1
A,8.314,4.882,1
B,7.562,5.83,0
A,8.244,3.007,0
B,9.332,3.704,1
B,11.832,3.518,1
A,7.347,2.666,1
B,10.061,4.322,0
B,9.032,5.749,1
A,9.345,4.715,0
A,12.006,5.198,0
A,11.076,6.089,1
A,12.675,6.328,1
A,9.691,4.931,0
B,8.608,6.354,1
B,9.552,5.092,1
A,10.485,4.163,1
B,10.353,4.406,1
B,7.831,3.519,1
A,10.181,4.112,1
B,10.456,4.642,1
B,15.035,5.804,1
B,13.754,6.721,1
B,8.294,3.618,1
B,9.425,5.393,0
A,7.073,3.959,1
B,8.819,5.475,1
B,10.631,4.869,1
A,12.412,3.169,1
B,8.542,5.928,0
A,8.692,4.395,0
A,5.705,4.466,0
A,9.675,3.93,0
B,7.875,4.346,1
A,8.941,5.428,0
A,8.246,4.811,0
A,9.811,5.329,1
B,6.485,5.362,1
B,7.066,6.321,0
A,14.258,4.657,1
A,7.425,3.523,1
B,7.806,6.067,0
A,13.674,4.669,1
B,15.81,6.115,1
A,7.657,5.383,0
B,9.264,4.869,1
A,10.683,5.349,0
A,13.457,6.951,1
B,8.026,7.077,0
A,9.509,5.069,1
B,11.555,5.16,1
B,10.87,6.076,0
B,9.248,4.154,1
B,9.732,5.333,1
B,7.25,4.974,0
A,9.524,5.314,0
A,9.467,4.167,1
A,10.464,3.41,1
B,8.889,2.927,1
A,10.943,3.883,1
A,12.025,4.541,0
A,10.311,4.707,0
A,10.704,6.937,0
A,10.106,6.106,0
A,10.0,4.038,0
B,8.557,5.348,1
B,10.633,4.593,1
B,9.805,4.716,1
A,14.186,5.185,1
B,13.147,5.619,1
A,10.772,4.661,1
B,8.474,6.064,1
B,7.775,3.858,1
B,12.382,5.006,1
A,10.525,7.598,0
A,10.96,5.223,1
B,6.511,6.433,0
A,11.855,5.092,1
A,10.909,5.581,0
A,7.779,4.943,0
A,9.057,4.83,0
A,10.527,4.221,1
A,10.105,5.43,1
B,9.416,4.148,1
B,9.793,5.666,0
B,9.496,6.085,1
A,10.305,5.367,0
B,12.943,4.714,1
A,4.867,5.454,0
A,9.526,4.691,0
A,10.353,5.936,0
A,10.592,3.169,0
B,9.256,4.664,0
