mission_id,split
M00001,train
M00002,train
M00003,train
M00004,test
M00005,train
M00006,train
M00007,test
M00008,train
M00009,train
M00010,train
M00011,train
M00012,train
M00013,test
M00014,train
M00015,test
M00016,test
M00017,test
M00018,train
M00019,train
M00020,test
M00021,test
M00022,test
M00023,test
M00024,test
M00025,test
M00026,train
M00027,train
M00028,train
M00029,train
M00030,train
M00031,test
M00032,train
M00033,train
M00034,train
M00035,train
M00036,train
M00037,test
M00038,train
M00039,train
M00040,train
M00041,train
M00042,test
M00043,test
M00044,train
M00045,train
M00046,train
M00047,test
M00048,train
M00049,train
M00050,train
M00051,test
M00052,train
M00053,train
M00054,test
M00055,test
M00056,train
M00057,train
M00058,train
M00059,test
M00060,train
M00061,train
M00062,test
M00063,train
M00064,train
M00065,train
M00066,train
M00067,train
M00068,train
M00069,train
M00070,train
M00071,train
M00072,train
M00073,train
M00074,train
M00075,train
M00076,test
M00077,train
M00078,train
M00079,test
M00080,train
M00081,train
M00082,train
M00083,train
M00084,test
M00085,train
M00086,test
M00087,train
M00088,train
M00089,train
M00090,train
M00091,train
M00092,train
M00093,train
M00094,test
M00095,train
M00096,train
M00097,train
M00098,train
M00099,train
M00100,train
M00101,train
M00102,train
M00103,train
M00104,train
M00105,train
M00106,train
M00107,test
M00108,test
M00109,test
M00110,train
M00111,test
M00112,test
M00113,test
M00114,test
M00115,train
M00116,train
M00117,train
M00118,train
M00119,train
M00120,test
M00121,test
M00122,train
M00123,train
M00124,train
M00125,train
M00126,test
M00127,test
M00128,test
M00129,train
M00130,train
M00131,test
M00132,train
M00133,train
M00134,train
M00135,test
M00136,train
M00137,train
M00138,train
M00139,test
M00140,train
M00141,test
M00142,test
M00143,train
M00144,train
M00145,train
M00146,test
M00147,train
M00148,train
M00149,train
M00150,train
M00151,train
M00152,test
M00153,test
M00154,train
M00155,train
M00156,train
M00157,test
M00158,train
M00159,train
M00160,train
M00161,train
M00162,test
M00163,train
M00164,train
M00165,train
M00166,train
M00167,test
M00168,train
M00169,train
M00170,train
M00171,train
M00172,train
M00173,train
M00174,train
M00175,train
M00176,train
M00177,train
M00178,train
M00179,train
M00180,train
M00181,test
M00182,test
M00183,test
M00184,train
M00185,train
M00186,train
M00187,train
M00188,train
M00189,train
M00190,train
M00191,test
M00192,train
M00193,train
M00194,train
M00195,test
M00196,train
M00197,train
M00198,train
M00199,train
M00200,train
M00201,train
M00202,train
M00203,train
M00204,test
M00205,train
M00206,test
M00207,train
M00208,train
M00209,train
M00210,train
M00211,train
M00212,train
M00213,train
M00214,train
M00215,train
M00216,test
M00217,train
M00218,train
M00219,train
M00220,train
M00221,train
M00222,train
M00223,train
M00224,test
M00225,test
M00226,train
M00227,train
M00228,train
M00229,test
M00230,train
M00231,train
M00232,test
M00233,train
M00234,train
M00235,train
M00236,train
M00237,train
M00238,train
M00239,train
M00240,train
M00241,train
M00242,test
M00243,train
M00244,test
M00245,train
M00246,train
M00247,test
M00248,test
M00249,test
M00250,train
M00251,train
M00252,train
M00253,test
M00254,train
M00255,train
M00256,train
M00257,train
M00258,train
M00259,train
M00260,train
M00261,train
M00262,train
M00263,test
M00264,train
M00265,train
M00266,train
M00267,train
M00268,train
M00269,test
M00270,train
M00271,train
M00272,train
M00273,train
M00274,train
M00275,test
M00276,train
M00277,test
M00278,train
M00279,train
M00280,train
M00281,train
M00282,test
M00283,train
M00284,train
M00285,train
M00286,train
M00287,train
M00288,train
M00289,train
M00290,train
M00291,train
M00292,test
M00293,train
M00294,train
M00295,train
M00296,test
M00297,train
M00298,train
M00299,train
M00300,train
M00301,train
M00302,test
M00303,train
M00304,test
M00305,train
M00306,train
M00307,train
M00308,train
M00309,train
M00310,train
M00311,test
M00312,train
M00313,train
M00314,train
M00315,test
M00316,test
M00317,train
M00318,train
M00319,test
M00320,train
M00321,test
M00322,train
M00323,train
M00324,train
M00325,train
M00326,train
M00327,train
M00328,train
M00329,train
M00330,test
M00331,test
M00332,train
M00333,train
M00334,train
M00335,train
M00336,train
M00337,train
M00338,test
M00339,test
M00340,train
M00341,train
M00342,test
M00343,test
M00344,train
M00345,train
M00346,train
M00347,train
M00348,train
M00349,train
M00350,train
M00351,train
M00352,train
M00353,train
M00354,test
M00355,train
M00356,train
M00357,train
M00358,train
M00359,train
M00360,train
M00361,test
M00362,train
M00363,train
M00364,train
M00365,test
M00366,test
M00367,train
M00368,train
M00369,test
M00370,train
M00371,train
M00372,test
M00373,train
M00374,test
M00375,train
M00376,train
M00377,train
M00378,train
M00379,train
M00380,train
M00381,train
M00382,test
M00383,test
M00384,train
M00385,train
M00386,train
M00387,test
M00388,train
M00389,train
M00390,train
M00391,test
M00392,train
M00393,train
M00394,test
M00395,test
M00396,train
M00397,test
M00398,train
M00399,train
M00400,train
M00401,test
M00402,train
M00403,train
M00404,train
M00405,test
M00406,train
M00407,train
M00408,test
M00409,test
M00410,train
M00411,train
M00412,train
M00413,train
M00414,test
M00415,train
M00416,train
M00417,train
M00418,train
M00419,test
M00420,train
M00421,train
M00422,test
M00423,test
M00424,train
M00425,train
M00426,train
M00427,train
M00428,test
M00429,test
M00430,train
M00431,train
M00432,train
M00433,test
M00434,test
M00435,train
M00436,test
M00437,train
M00438,train
M00439,train
M00440,train
M00441,train
M00442,train
M00443,test
M00444,train
M00445,test
M00446,train
M00447,train
M00448,train
M00449,test
M00450,train
M00451,train
M00452,test
M00453,train
M00454,train
M00455,train
M00456,train
M00457,train
M00458,test
M00459,train
M00460,train
M00461,train
M00462,test
M00463,train
M00464,test
M00465,test
M00466,test
M00467,test
M00468,train
M00469,train
M00470,train
M00471,test
M00472,train
M00473,train
M00474,train
M00475,train
M00476,train
M00477,train
M00478,test
M00479,train
M00480,train
M00481,train
M00482,train
M00483,train
M00484,train
M00485,train
M00486,train
M00487,train
M00488,test
M00489,test
M00490,train
M00491,train
M00492,test
M00493,test
M00494,test
M00495,train
M00496,train
M00497,train
M00498,train
M00499,test
M00500,train
M00501,test
M00502,train
M00503,train
M00504,test
M00505,train
M00506,test
M00507,train
M00508,train
M00509,train
M00510,train
M00511,train
M00512,train
M00513,train
M00514,train
M00515,train
M00516,train
M00517,test
M00518,train
M00519,train
M00520,train
M00521,test
M00522,train
M00523,train
M00524,train
M00525,train
M00526,train
M00527,train
M00528,train
M00529,train
M00530,train
M00531,test
M00532,train
M00533,train
M00534,test
M00535,train
M00536,train
M00537,test
M00538,test
M00539,test
M00540,train
M00541,train
M00542,test
M00543,train
M00544,train
M00545,train
M00546,train
M00547,test
M00548,train
M00549,test
M00550,train
M00551,train
M00552,train
M00553,train
M00554,train
M00555,train
M00556,train
M00557,train
M00558,train
M00559,test
M00560,test
M00561,test
M00562,train
M00563,train
M00564,train
M00565,train
M00566,train
M00567,train
M00568,train
M00569,train
M00570,train
M00571,train
M00572,train
M00573,train
M00574,test
M00575,train
M00576,train
M00577,train
M00578,train
M00579,train
M00580,train
M00581,train
M00582,train
M00583,test
M00584,train
M00585,test
M00586,train
M00587,train
M00588,test
M00589,train
M00590,test
M00591,train
M00592,train
M00593,train
M00594,train
M00595,train
M00596,train
M00597,train
M00598,test
M00599,train
M00600,test
M00601,test
M00602,test
M00603,train
M00604,train
M00605,train
M00606,train
M00607,test
M00608,train
M00609,train
M00610,train
M00611,train
M00612,test
M00613,train
M00614,train
M00615,train
M00616,train
M00617,train
M00618,test
M00619,train
M00620,test
M00621,train
M00622,train
M00623,train
M00624,train
M00625,train
M00626,test
M00627,train
M00628,train
M00629,train
M00630,train
M00631,test
M00632,train
M00633,test
M00634,train
M00635,train
M00636,train
M00637,train
M00638,train
M00639,test
M00640,train
M00641,train
M00642,train
M00643,train
M00644,test
M00645,test
M00646,test
M00647,train
M00648,test
M00649,train
M00650,train
M00651,train
M00652,train
M00653,train
M00654,test
M00655,train
M00656,test
M00657,train
M00658,test
M00659,train
M00660,train
M00661,train
M00662,train
M00663,train
M00664,train
M00665,test
M00666,train
M00667,train
M00668,test
M00669,train
M00670,train
M00671,test
M00672,train
M00673,train
M00674,train
M00675,train
M00676,train
M00677,test
M00678,train
M00679,test
M00680,test
M00681,test
M00682,train
M00683,train
M00684,train
M00685,train
M00686,train
M00687,train
M00688,train
M00689,train
M00690,train
M00691,train
M00692,train
M00693,train
M00694,train
M00695,train
M00696,test
M00697,train
M00698,train
M00699,test
M00700,train
M00701,test
M00702,train
M00703,train
M00704,test
M00705,train
M00706,train
M00707,train
M00708,train
M00709,train
M00710,train
M00711,train
M00712,train
M00713,train
M00714,train
M00715,test
M00716,train
M00717,train
M00718,test
M00719,train
M00720,train
M00721,train
M00722,test
M00723,test
M00724,test
M00725,train
M00726,test
M00727,train
M00728,train
M00729,train
M00730,test
M00731,train
M00732,test
M00733,train
M00734,train
M00735,train
M00736,test
M00737,train
M00738,train
M00739,train
M00740,train
M00741,train
M00742,train
M00743,test
M00744,test
M00745,test
M00746,train
M00747,train
M00748,train
M00749,test
M00750,train
M00751,train
M00752,train
M00753,test
M00754,train
M00755,train
M00756,test
M00757,test
M00758,train
M00759,train
M00760,train
M00761,test
M00762,train
M00763,train
M00764,train
M00765,train
M00766,test
M00767,train
M00768,train
M00769,test
M00770,train
M00771,train
M00772,train
M00773,train
M00774,test
M00775,test
M00776,test
M00777,test
M00778,train
M00779,train
M00780,train
M00781,test
M00782,train
M00783,train
M00784,train
M00785,test
M00786,train
M00787,train
M00788,train
M00789,train
M00790,test
M00791,train
M00792,train
M00793,train
M00794,train
M00795,train
M00796,test
M00797,train
M00798,train
M00799,train
M00800,test
M00801,train
M00802,test
M00803,test
M00804,train
M00805,test
M00806,test
M00807,train
M00808,test
M00809,train
M00810,train
M00811,train
M00812,train
M00813,train
M00814,test
M00815,train
M00816,train
M00817,train
M00818,test
M00819,train
M00820,train
M00821,train
M00822,train
M00823,train
M00824,train
M00825,train
M00826,test
M00827,train
M00828,train
M00829,train
M00830,train
M00831,train
M00832,test
M00833,train
M00834,train
M00835,train
M00836,test
M00837,train
M00838,train
M00839,train
M00840,test
M00841,train
M00842,train
M00843,train
M00844,test
M00845,test
M00846,train
M00847,train
M00848,train
M00849,train
M00850,train
M00851,train
M00852,train
M00853,train
M00854,test
M00855,train
M00856,test
M00857,test
M00858,test
M00859,train
M00860,train
M00861,test
M00862,train
M00863,train
M00864,train
M00865,train
M00866,train
M00867,train
M00868,train
M00869,train
M00870,train
M00871,test
M00872,train
M00873,train
M00874,train
M00875,test
M00876,train
M00877,test
M00878,train
M00879,train
M00880,train
M00881,train
M00882,test
M00883,train
M00884,test
M00885,train
M00886,test
M00887,train
M00888,train
M00889,train
M00890,train
M00891,train
M00892,train
M00893,train
M00894,train
M00895,train
M00896,test
M00897,train
M00898,train
M00899,test
M00900,test
M00901,train
M00902,train
M00903,train
M00904,train
M00905,test
M00906,train
M00907,train
M00908,train
M00909,train
M00910,train
M00911,train
M00912,train
M00913,train
M00914,train
M00915,train
M00916,train
M00917,train
M00918,train
M00919,train
M00920,train
M00921,train
M00922,train
M00923,test
M00924,test
M00925,train
M00926,train
M00927,train
M00928,train
M00929,train
M00930,test
M00931,test
M00932,test
M00933,test
M00934,train
M00935,train
M00936,train
M00937,test
M00938,test
M00939,train
M00940,train
M00941,train
M00942,test
M00943,train
M00944,train
M00945,train
M00946,train
M00947,test
M00948,train
M00949,train
M00950,train
M00951,test
M00952,test
M00953,train
M00954,test
M00955,train
M00956,test
M00957,test
M00958,train
M00959,train
M00960,train
M00961,train
M00962,train
M00963,train
M00964,test
M00965,train
M00966,train
M00967,train
M00968,test
M00969,train
M00970,train
M00971,test
M00972,train
M00973,test
M00974,train
M00975,test
M00976,test
M00977,test
M00978,train
M00979,test
M00980,train
M00981,train
M00982,train
M00983,test
M00984,test
M00985,train
M00986,train
M00987,test
M00988,train
M00989,train
M00990,train
M00991,train
M00992,train
M00993,train
M00994,train
M00995,train
M00996,train
M00997,train
M00998,train
M00999,train
M01000,train
M01001,test
M01002,train
M01003,test
M01004,train
M01005,test
M01006,test
M01007,train
M01008,train
M01009,test
M01010,train
M01011,test
M01012,train
M01013,train
M01014,train
M01015,test
M01016,train
M01017,test
M01018,train
M01019,train
M01020,train
M01021,train
M01022,test
M01023,train
M01024,train
M01025,train
M01026,train
M01027,train
M01028,train
M01029,train
M01030,train
M01031,test
M01032,train
M01033,test
M01034,train
M01035,train
M01036,train
M01037,test
M01038,train
M01039,test
M01040,train
M01041,test
M01042,train
M01043,train
M01044,train
M01045,train
M01046,train
M01047,test
M01048,train
M01049,train
M01050,train
M01051,train
M01052,train
M01053,train
M01054,train
M01055,train
M01056,train
M01057,train
M01058,train
M01059,test
M01060,train
M01061,train
M01062,train
M01063,test
M01064,test
M01065,train
M01066,test
M01067,train
M01068,train
M01069,train
M01070,train
M01071,test
M01072,train
M01073,test
M01074,train
M01075,train
M01076,train
M01077,train
M01078,train
M01079,test
M01080,train
M01081,train
M01082,train
M01083,test
M01084,train
M01085,test
M01086,train
M01087,train
M01088,test
M01089,train
M01090,train
M01091,train
M01092,test
M01093,test
M01094,train
M01095,test
M01096,train
M01097,test
M01098,test
M01099,test
M01100,test
M01101,train
M01102,train
M01103,train
M01104,test
M01105,train
M01106,test
M01107,train
M01108,train
M01109,test
M01110,test
M01111,train
M01112,train
M01113,train
M01114,train
M01115,train
M01116,train
M01117,test
M01118,train
M01119,train
M01120,train
M01121,test
M01122,train
M01123,train
M01124,train
M01125,train
M01126,train
M01127,train
M01128,train
M01129,train
M01130,train
M01131,test
M01132,test
M01133,test
M01134,test
M01135,train
M01136,train
M01137,test
M01138,train
M01139,train
M01140,train
M01141,test
M01142,train
M01143,train
M01144,test
M01145,train
M01146,train
M01147,train
M01148,test
M01149,train
M01150,train
M01151,train
M01152,train
M01153,train
M01154,train
M01155,train
M01156,train
M01157,test
M01158,train
M01159,train
M01160,train
M01161,test
M01162,train
M01163,test
M01164,train
M01165,train
M01166,train
M01167,train
M01168,test
M01169,test
M01170,train
M01171,train
M01172,test
M01173,test
M01174,test
M01175,train
M01176,train
M01177,train
M01178,train
M01179,train
M01180,train
M01181,train
M01182,train
M01183,train
M01184,train
M01185,train
M01186,train
M01187,train
M01188,train
M01189,train
M01190,test
M01191,train
M01192,train
M01193,train
M01194,train
M01195,train
M01196,train
M01197,train
M01198,test
M01199,train
M01200,train
M01201,train
M01202,train
M01203,test
M01204,train
M01205,test
M01206,train
M01207,train
M01208,train
M01209,test
M01210,train
M01211,train
M01212,train
M01213,train
M01214,train
M01215,test
M01216,train
M01217,test
M01218,train
M01219,test
M01220,train
M01221,train
M01222,train
M01223,train
M01224,train
M01225,train
M01226,train
M01227,train
M01228,train
M01229,test
M01230,train
M01231,train
M01232,test
M01233,train
M01234,test
M01235,train
M01236,train
M01237,train
M01238,test
M01239,train
M01240,train
M01241,train
M01242,train
M01243,train
M01244,train
M01245,train
M01246,train
M01247,train
M01248,train
M01249,test
M01250,train
M01251,test
M01252,train
M01253,train
M01254,train
M01255,test
M01256,train
M01257,train
M01258,train
M01259,train
M01260,train
M01261,test
M01262,test
M01263,train
M01264,test
M01265,train
M01266,test
M01267,train
M01268,train
M01269,train
M01270,train
M01271,train
M01272,train
M01273,train
M01274,train
M01275,train
M01276,train
M01277,train
M01278,train
M01279,train
M01280,train
M01281,test
M01282,train
M01283,train
M01284,test
M01285,train
M01286,train
M01287,test
M01288,train
M01289,train
M01290,train
M01291,test
M01292,train
M01293,train
M01294,train
M01295,test
M01296,train
M01297,test
M01298,train
M01299,test
M01300,train
M01301,train
M01302,train
M01303,test
M01304,test
M01305,train
M01306,test
M01307,train
M01308,train
M01309,train
M01310,test
M01311,train
M01312,train
M01313,test
M01314,train
M01315,train
M01316,train
M01317,train
M01318,train
M01319,train
M01320,test
M01321,train
M01322,train
M01323,train
M01324,train
M01325,test
M01326,train
M01327,train
M01328,test
M01329,test
M01330,train
M01331,train
M01332,train
M01333,test
M01334,train
M01335,train
M01336,test
M01337,test
M01338,train
M01339,test
M01340,test
M01341,test
M01342,train
M01343,test
M01344,train
M01345,train
M01346,train
M01347,test
M01348,train
M01349,test
M01350,test
M01351,test
M01352,test
M01353,train
M01354,train
M01355,test
M01356,train
M01357,train
M01358,test
M01359,train
M01360,train
M01361,train
M01362,train
M01363,train
M01364,train
M01365,train
M01366,train
M01367,train
M01368,train
M01369,train
M01370,test
M01371,train
M01372,train
M01373,test
M01374,train
M01375,train
M01376,train
M01377,train
M01378,test
M01379,train
M01380,train
M01381,train
M01382,train
M01383,train
M01384,train
M01385,train
M01386,train
M01387,test
M01388,train
M01389,train
M01390,train
M01391,train
M01392,train
M01393,train
M01394,train
M01395,train
M01396,train
M01397,train
M01398,test
M01399,train
M01400,train
M01401,train
M01402,train
M01403,train
M01404,train
M01405,test
M01406,train
M01407,train
M01408,test
M01409,train
M01410,test
M01411,train
M01412,test
M01413,train
M01414,train
M01415,train
M01416,train
M01417,train
M01418,test
M01419,train
M01420,train
M01421,train
M01422,train
M01423,train
M01424,train
M01425,train
M01426,train
M01427,train
M01428,test
M01429,train
M01430,train
M01431,train
M01432,test
M01433,train
M01434,train
M01435,train
M01436,train
M01437,train
M01438,train
M01439,train
M01440,train
M01441,train
M01442,test
M01443,train
M01444,train
M01445,train
M01446,test
M01447,train
M01448,test
M01449,train
M01450,train
M01451,test
M01452,train
M01453,train
M01454,train
M01455,train
M01456,train
M01457,train
M01458,train
M01459,train
M01460,train
M01461,test
M01462,train
M01463,train
M01464,train
M01465,train
M01466,train
M01467,train
M01468,train
M01469,train
M01470,train
M01471,test
M01472,train
M01473,test
M01474,train
M01475,train
M01476,test
M01477,train
M01478,train
M01479,train
M01480,train
M01481,test
M01482,test
M01483,train
M01484,train
M01485,train
M01486,train
M01487,train
M01488,train
M01489,train
M01490,train
M01491,test
M01492,train
M01493,train
M01494,train
M01495,train
M01496,train
M01497,train
M01498,test
M01499,test
M01500,train
M01501,train
M01502,train
M01503,train
M01504,train
M01505,train
M01506,train
M01507,train
M01508,train
M01509,train
M01510,test
M01511,train
M01512,train
M01513,train
M01514,train
M01515,train
M01516,train
M01517,train
M01518,test
M01519,train
M01520,train
M01521,train
M01522,train
M01523,train
M01524,train
M01525,train
M01526,train
M01527,train
M01528,train
M01529,train
M01530,test
M01531,train
M01532,train
M01533,train
M01534,test
M01535,train
M01536,train
M01537,train
M01538,train
M01539,train
M01540,train
M01541,train
M01542,test
M01543,train
M01544,test
M01545,train
M01546,train
M01547,train
M01548,train
M01549,train
M01550,train
M01551,test
M01552,test
M01553,train
M01554,test
M01555,train
M01556,train
M01557,train
M01558,train
M01559,test
M01560,train
M01561,test
M01562,test
M01563,train
M01564,train
M01565,test
M01566,train
M01567,test
M01568,test
M01569,test
M01570,test
M01571,test
M01572,train
M01573,test
M01574,test
M01575,train
M01576,train
M01577,train
M01578,test
M01579,test
M01580,train
M01581,train
M01582,train
M01583,train
M01584,train
M01585,test
M01586,test
M01587,train
M01588,train
M01589,train
M01590,test
M01591,train
M01592,train
M01593,test
M01594,train
M01595,train
M01596,train
M01597,test
M01598,train
M01599,train
M01600,train
M01601,train
M01602,train
M01603,test
M01604,train
M01605,train
M01606,train
M01607,train
M01608,train
M01609,train
M01610,train
M01611,train
M01612,train
M01613,test
M01614,train
M01615,train
M01616,train
M01617,train
M01618,train
M01619,train
M01620,test
M01621,train
M01622,train
M01623,train
M01624,train
M01625,train
M01626,test
M01627,test
M01628,train
M01629,train
M01630,test
M01631,train
M01632,test
M01633,train
M01634,train
M01635,test
M01636,train
M01637,train
M01638,train
M01639,train
M01640,train
M01641,train
M01642,train
M01643,train
M01644,train
M01645,test
M01646,test
M01647,train
M01648,test
M01649,test
M01650,train
M01651,test
M01652,train
M01653,test
M01654,train
M01655,test
M01656,train
M01657,train
M01658,train
M01659,train
M01660,train
M01661,test
M01662,train
M01663,train
M01664,train
M01665,train
M01666,train
M01667,train
M01668,test
M01669,train
M01670,train
M01671,train
M01672,test
M01673,train
M01674,train
M01675,train
M01676,train
M01677,train
M01678,train
M01679,test
M01680,test
M01681,train
M01682,train
M01683,train
M01684,train
M01685,train
M01686,train
M01687,test
M01688,train
M01689,train
M01690,train
M01691,train
M01692,train
M01693,train
M01694,train
M01695,train
M01696,train
M01697,test
M01698,train
M01699,test
M01700,train
M01701,train
M01702,train
M01703,test
M01704,train
M01705,train
M01706,train
M01707,train
M01708,train
M01709,test
M01710,train
M01711,train
M01712,train
M01713,train
M01714,train
M01715,train
M01716,train
M01717,test
M01718,train
M01719,train
M01720,train
M01721,test
M01722,test
M01723,train
M01724,test
M01725,train
M01726,train
M01727,train
M01728,test
M01729,train
M01730,train
M01731,test
M01732,train
M01733,test
M01734,train
M01735,train
M01736,test
M01737,train
M01738,train
M01739,train
M01740,train
M01741,train
M01742,train
M01743,train
M01744,train
M01745,train
M01746,train
M01747,train
M01748,test
M01749,train
M01750,train
M01751,test
M01752,train
M01753,train
M01754,train
M01755,train
M01756,train
M01757,train
M01758,test
M01759,train
M01760,test
M01761,test
M01762,train
M01763,train
M01764,train
M01765,train
M01766,test
M01767,train
M01768,train
M01769,test
M01770,train
M01771,test
M01772,train
M01773,train
M01774,train
M01775,test
M01776,train
M01777,train
M01778,train
M01779,train
M01780,train
M01781,train
M01782,train
M01783,train
M01784,train
M01785,train
M01786,train
M01787,train
M01788,train
M01789,train
M01790,train
M01791,train
M01792,train
M01793,train
M01794,train
M01795,train
M01796,train
M01797,train
M01798,train
M01799,train
M01800,train
M01801,train
M01802,train
M01803,train
M01804,train
M01805,test
M01806,train
M01807,train
M01808,train
M01809,train
M01810,train
M01811,train
M01812,train
M01813,train
M01814,test
M01815,train
M01816,train
M01817,test
M01818,train
M01819,test
M01820,train
M01821,train
M01822,train
M01823,train
M01824,test
M01825,test
M01826,test
M01827,train
M01828,train
M01829,train
M01830,train
M01831,train
M01832,train
M01833,test
M01834,train
M01835,train
M01836,train
M01837,test
M01838,train
M01839,test
M01840,train
M01841,test
M01842,train
M01843,test
M01844,train
M01845,test
M01846,train
M01847,train
M01848,train
M01849,train
M01850,train
M01851,train
M01852,test
M01853,train
M01854,train
M01855,train
M01856,train
M01857,test
M01858,train
M01859,train
M01860,train
M01861,train
M01862,train
M01863,train
M01864,test
M01865,train
M01866,train
M01867,train
M01868,train
M01869,test
M01870,test
M01871,train
M01872,train
M01873,train
M01874,train
M01875,train
M01876,train
M01877,train
M01878,train
M01879,train
M01880,train
M01881,train
M01882,train
M01883,test
M01884,train
M01885,train
M01886,train
M01887,train
M01888,train
M01889,train
M01890,train
M01891,test
M01892,test
M01893,test
M01894,train
M01895,train
M01896,test
M01897,train
M01898,train
M01899,train
M01900,train
M01901,test
M01902,train
M01903,train
M01904,train
M01905,train
M01906,train
M01907,train
M01908,train
M01909,train
M01910,train
M01911,test
M01912,train
M01913,train
M01914,train
M01915,train
M01916,train
M01917,test
M01918,test
M01919,train
M01920,train
M01921,train
M01922,train
M01923,train
M01924,train
M01925,train
M01926,test
M01927,train
M01928,train
M01929,train
M01930,train
M01931,train
M01932,test
M01933,test
M01934,test
M01935,train
M01936,train
M01937,train
M01938,train
M01939,train
M01940,train
M01941,train
M01942,train
M01943,train
M01944,train
M01945,test
M01946,test
M01947,train
M01948,train
M01949,test
M01950,test
M01951,test
M01952,train
M01953,train
M01954,train
M01955,train
M01956,test
M01957,train
M01958,test
M01959,train
M01960,train
M01961,train
M01962,train
M01963,train
M01964,test
M01965,train
M01966,train
M01967,test
M01968,test
M01969,train
M01970,train
M01971,train
M01972,train
M01973,test
M01974,train
M01975,train
M01976,train
M01977,train
M01978,train
M01979,train
M01980,train
M01981,test
M01982,train
M01983,train
M01984,train
M01985,train
M01986,train
M01987,test
M01988,train
M01989,train
M01990,train
M01991,train
M01992,train
M01993,train
M01994,test
M01995,test
M01996,train
M01997,train
M01998,train
M01999,train
M02000,train
M02001,test
M02002,train
M02003,test
M02004,test
M02005,test
M02006,test
M02007,test
M02008,test
M02009,test
M02010,test
M02011,train
M02012,train
M02013,train
M02014,train
M02015,test
M02016,train
M02017,test
M02018,test
M02019,train
M02020,test
M02021,train
M02022,train
M02023,train
M02024,train
M02025,train
M02026,test
M02027,train
M02028,train
M02029,train
M02030,train
M02031,test
M02032,test
M02033,train
M02034,train
M02035,train
M02036,train
M02037,train
M02038,train
M02039,test
M02040,train
M02041,train
M02042,train
M02043,train
M02044,train
M02045,train
M02046,test
M02047,train
M02048,train
M02049,test
M02050,train
M02051,train
M02052,test
M02053,train
M02054,train
M02055,test
M02056,train
M02057,train
M02058,train
M02059,test
M02060,train
M02061,train
M02062,train
M02063,train
M02064,train
M02065,train
M02066,test
M02067,test
M02068,train
M02069,train
M02070,test
M02071,train
M02072,train
M02073,train
M02074,train
M02075,train
M02076,train
M02077,test
M02078,test
M02079,train
M02080,train
M02081,test
M02082,test
M02083,train
M02084,train
M02085,train
M02086,test
M02087,train
M02088,train
M02089,train
M02090,train
M02091,train
M02092,train
M02093,train
M02094,train
M02095,train
M02096,test
M02097,test
M02098,test
M02099,train
M02100,train
M02101,train
M02102,train
M02103,test
M02104,test
M02105,test
M02106,train
M02107,train
M02108,train
M02109,test
M02110,train
M02111,train
M02112,train
M02113,train
M02114,test
M02115,train
M02116,test
M02117,train
M02118,train
M02119,train
M02120,train
M02121,train
M02122,train
M02123,train
M02124,train
M02125,train
M02126,train
M02127,train
M02128,train
M02129,train
M02130,test
M02131,train
M02132,train
M02133,test
M02134,train
M02135,train
M02136,train
M02137,train
M02138,train
M02139,train
M02140,train
M02141,train
M02142,train
M02143,train
M02144,train
M02145,train
M02146,train
M02147,train
M02148,test
M02149,train
M02150,test
M02151,train
M02152,train
M02153,train
M02154,train
M02155,train
M02156,train
M02157,train
M02158,train
M02159,train
M02160,test
M02161,test
M02162,train
M02163,train
M02164,train
M02165,train
M02166,train
M02167,train
M02168,train
M02169,train
M02170,test
M02171,test
M02172,train
M02173,test
M02174,test
M02175,train
M02176,test
M02177,train
M02178,train
M02179,test
M02180,train
M02181,train
M02182,test
M02183,train
M02184,train
M02185,test
M02186,train
M02187,train
M02188,train
M02189,test
M02190,train
M02191,train
M02192,test
M02193,train
M02194,train
M02195,train
M02196,train
M02197,train
M02198,train
M02199,train
M02200,train
M02201,train
M02202,train
M02203,train
M02204,train
M02205,train
M02206,train
M02207,train
M02208,train
M02209,train
M02210,train
M02211,train
M02212,train
M02213,train
M02214,train
M02215,train
M02216,train
M02217,train
M02218,train
M02219,train
M02220,train
M02221,train
M02222,train
M02223,train
M02224,test
M02225,train
M02226,train
M02227,train
M02228,test
M02229,train
M02230,train
M02231,train
M02232,train
M02233,train
M02234,train
M02235,train
M02236,train
M02237,train
M02238,train
M02239,train
M02240,train
M02241,test
M02242,train
M02243,train
M02244,test
M02245,train
M02246,train
M02247,train
M02248,train
M02249,test
M02250,train
M02251,train
M02252,train
M02253,train
M02254,train
M02255,train
M02256,test
M02257,train
M02258,train
M02259,train
M02260,train
M02261,test
M02262,test
M02263,train
M02264,train
M02265,train
M02266,train
M02267,train
M02268,test
M02269,train
M02270,test
M02271,train
M02272,test
M02273,test
M02274,test
M02275,train
M02276,train
M02277,train
M02278,train
M02279,test
M02280,train
M02281,train
M02282,train
M02283,test
M02284,train
M02285,train
M02286,train
M02287,train
M02288,train
M02289,train
M02290,test
M02291,train
M02292,test
M02293,train
M02294,train
M02295,train
M02296,train
M02297,train
M02298,test
M02299,train
M02300,train
M02301,train
M02302,train
M02303,train
M02304,test
M02305,train
M02306,train
M02307,train
M02308,test
M02309,train
M02310,train
M02311,train
M02312,train
M02313,train
M02314,test
M02315,train
M02316,test
M02317,train
M02318,train
M02319,train
M02320,train
M02321,train
M02322,train
M02323,test
M02324,test
M02325,train
M02326,test
M02327,train
M02328,train
M02329,train
M02330,train
M02331,train
M02332,train
M02333,train
M02334,train
M02335,train
M02336,train
M02337,test
M02338,train
M02339,train
M02340,train
M02341,train
M02342,train
M02343,train
M02344,train
M02345,test
M02346,train
M02347,train
M02348,train
M02349,test
M02350,test
M02351,train
M02352,test
M02353,train
M02354,train
M02355,train
M02356,test
M02357,train
M02358,train
M02359,train
M02360,train
M02361,train
M02362,train
M02363,test
M02364,train
M02365,train
M02366,train
M02367,test
M02368,train
M02369,train
M02370,train
M02371,train
M02372,train
M02373,test
M02374,train
M02375,train
M02376,train
M02377,train
M02378,train
M02379,test
M02380,train
M02381,train
M02382,test
M02383,train
M02384,test
M02385,train
M02386,train
M02387,train
M02388,train
M02389,test
M02390,test
M02391,train
M02392,train
M02393,train
M02394,test
M02395,train
M02396,test
M02397,test
M02398,train
M02399,train
M02400,test
M02401,train
M02402,train
M02403,train
M02404,test
M02405,test
M02406,test
M02407,train
M02408,test
M02409,test
M02410,train
M02411,train
M02412,train
M02413,train
M02414,train
M02415,train
M02416,train
M02417,train
M02418,train
M02419,train
M02420,test
M02421,train
M02422,train
M02423,train
M02424,test
M02425,train
M02426,train
M02427,train
M02428,train
M02429,train
M02430,test
M02431,train
M02432,train
M02433,train
M02434,train
M02435,train
M02436,test
M02437,train
M02438,train
M02439,train
M02440,train
M02441,train
M02442,test
M02443,test
M02444,train
M02445,train
M02446,test
M02447,test
M02448,train
M02449,train
M02450,test
M02451,test
M02452,train
M02453,train
M02454,train
M02455,test
M02456,train
M02457,test
M02458,train
M02459,train
M02460,train
M02461,test
M02462,train
M02463,train
M02464,test
M02465,train
M02466,train
M02467,train
M02468,train
M02469,train
M02470,train
M02471,test
M02472,test
M02473,train
M02474,train
M02475,train
M02476,test
M02477,train
M02478,train
M02479,test
M02480,train
M02481,train
M02482,test
M02483,train
M02484,train
M02485,train
M02486,train
M02487,test
M02488,train
M02489,train
M02490,train
M02491,train
M02492,train
M02493,train
M02494,test
M02495,train
M02496,train
M02497,test
M02498,train
M02499,train
M02500,train
M02501,train
M02502,test
M02503,test
M02504,train
M02505,train
M02506,test
M02507,train
M02508,train
M02509,train
M02510,test
M02511,train
M02512,train
M02513,train
M02514,train
M02515,train
M02516,train
M02517,train
M02518,train
M02519,train
M02520,train
M02521,test
M02522,test
M02523,test
M02524,train
M02525,train
M02526,train
M02527,train
M02528,train
M02529,train
M02530,test
M02531,train
M02532,test
M02533,train
M02534,train
M02535,train
M02536,train
M02537,train
M02538,train
M02539,train
M02540,train
M02541,train
M02542,test
M02543,test
M02544,train
M02545,train
M02546,test
M02547,train
M02548,train
M02549,train
M02550,train
M02551,test
M02552,test
M02553,train
M02554,test
M02555,test
M02556,test
M02557,train
M02558,test
M02559,train
M02560,train
M02561,train
M02562,train
M02563,train
M02564,train
M02565,train
M02566,train
M02567,train
M02568,train
M02569,train
M02570,test
M02571,train
M02572,train
M02573,train
M02574,train
M02575,train
M02576,train
M02577,train
M02578,train
M02579,train
M02580,train
M02581,train
M02582,test
M02583,train
M02584,train
M02585,test
M02586,train
M02587,train
M02588,train
M02589,train
M02590,train
M02591,train
M02592,train
M02593,test
M02594,train
M02595,train
M02596,train
M02597,train
M02598,train
M02599,test
M02600,train
M02601,train
M02602,test
M02603,test
M02604,train
M02605,train
M02606,train
M02607,train
M02608,train
M02609,train
M02610,train
M02611,train
M02612,train
M02613,train
M02614,train
M02615,train
M02616,train
M02617,train
M02618,train
M02619,train
M02620,test
M02621,train
M02622,train
M02623,train
M02624,train
M02625,train
M02626,train
M02627,test
M02628,train
M02629,train
M02630,train
M02631,test
M02632,train
M02633,train
M02634,test
M02635,train
M02636,train
M02637,train
M02638,test
M02639,test
M02640,train
M02641,train
M02642,train
M02643,train
M02644,train
M02645,test
M02646,train
M02647,train
M02648,train
M02649,test
M02650,train
M02651,test
M02652,train
M02653,train
M02654,train
M02655,test
M02656,train
M02657,train
M02658,test
M02659,train
M02660,train
M02661,train
M02662,train
M02663,train
M02664,train
M02665,train
M02666,train
M02667,train
M02668,train
M02669,train
M02670,train
M02671,train
M02672,train
M02673,test
M02674,train
M02675,train
M02676,train
M02677,train
M02678,train
M02679,train
M02680,test
M02681,test
M02682,train
M02683,train
M02684,test
M02685,train
M02686,test
M02687,test
M02688,train
M02689,train
M02690,test
M02691,test
M02692,train
M02693,test
M02694,test
M02695,train
M02696,train
M02697,train
M02698,train
M02699,train
M02700,train
M02701,test
M02702,test
M02703,test
M02704,test
M02705,train
M02706,train
M02707,train
M02708,train
M02709,train
M02710,test
M02711,train
M02712,train
M02713,train
M02714,test
M02715,test
M02716,train
M02717,train
M02718,test
M02719,train
M02720,train
M02721,train
M02722,train
M02723,train
M02724,train
M02725,train
M02726,test
M02727,train
M02728,train
M02729,train
M02730,train
M02731,train
M02732,test
M02733,train
M02734,test
M02735,test
M02736,train
M02737,train
M02738,train
M02739,train
M02740,train
M02741,train
M02742,train
M02743,test
M02744,train
M02745,train
M02746,train
M02747,train
M02748,train
M02749,train
M02750,train
M02751,test
M02752,train
M02753,train
M02754,test
M02755,train
M02756,test
M02757,train
M02758,train
M02759,train
M02760,train
M02761,train
M02762,train
M02763,train
M02764,train
M02765,test
M02766,test
M02767,train
M02768,train
M02769,test
M02770,train
M02771,train
M02772,train
M02773,train
M02774,train
M02775,train
M02776,train
M02777,test
M02778,test
M02779,test
M02780,train
M02781,train
M02782,train
M02783,test
M02784,test
M02785,train
M02786,train
M02787,train
M02788,train
M02789,train
M02790,train
M02791,train
M02792,test
M02793,train
M02794,train
M02795,train
M02796,train
M02797,train
M02798,train
M02799,train
M02800,train
M02801,train
M02802,train
M02803,train
M02804,train
M02805,train
M02806,train
M02807,train
M02808,train
M02809,train
M02810,test
M02811,train
M02812,train
M02813,train
M02814,test
M02815,train
M02816,train
M02817,test
M02818,train
M02819,train
M02820,test
M02821,train
M02822,train
M02823,train
M02824,test
M02825,train
M02826,train
M02827,train
M02828,train
M02829,train
M02830,train
M02831,train
M02832,train
M02833,train
M02834,train
M02835,train
M02836,train
M02837,train
M02838,train
M02839,train
M02840,train
M02841,train
M02842,test
M02843,train
M02844,train
M02845,test
M02846,test
M02847,test
M02848,train
M02849,train
M02850,train
M02851,test
M02852,test
M02853,test
M02854,train
M02855,train
M02856,train
M02857,test
M02858,train
M02859,test
M02860,train
M02861,train
M02862,train
M02863,train
M02864,train
M02865,train
M02866,test
M02867,train
M02868,train
M02869,train
M02870,test
M02871,test
M02872,train
M02873,train
M02874,train
M02875,test
M02876,train
M02877,test
M02878,train
M02879,train
M02880,train
M02881,train
M02882,test
M02883,train
M02884,train
M02885,train
M02886,train
M02887,train
M02888,train
M02889,train
M02890,train
M02891,train
M02892,train
M02893,train
M02894,test
M02895,test
M02896,test
M02897,train
M02898,test
M02899,train
M02900,train
M02901,train
M02902,train
M02903,train
M02904,test
M02905,test
M02906,train
M02907,train
M02908,train
M02909,train
M02910,train
M02911,test
M02912,train
M02913,train
M02914,test
M02915,train
M02916,train
M02917,train
M02918,test
M02919,test
M02920,train
M02921,train
M02922,train
M02923,test
M02924,train
M02925,train
M02926,train
M02927,test
M02928,train
M02929,train
M02930,train
M02931,test
M02932,train
M02933,train
M02934,train
M02935,train
M02936,train
M02937,train
M02938,train
M02939,train
M02940,train
M02941,test
M02942,train
M02943,train
M02944,test
M02945,train
M02946,train
M02947,train
M02948,train
M02949,train
M02950,train
M02951,train
M02952,train
M02953,train
M02954,train
M02955,train
M02956,train
M02957,train
M02958,test
M02959,test
M02960,test
M02961,train
M02962,train
M02963,train
M02964,train
M02965,train
M02966,train
M02967,test
M02968,train
M02969,train
M02970,train
M02971,train
M02972,train
M02973,train
M02974,train
M02975,train
M02976,test
M02977,train
M02978,train
M02979,test
M02980,train
M02981,train
M02982,train
M02983,train
M02984,train
M02985,train
M02986,train
M02987,train
M02988,train
M02989,train
M02990,train
M02991,train
M02992,train
M02993,train
M02994,train
M02995,test
M02996,test
M02997,test
M02998,train
M02999,test
M03000,train
